Data;Veiculo; Produto ; Serviço ; Total ;;;;
02/01/2024;BRAVO; 879,79 ; 515,21 ; 1.395,00 ;;;;
02/01/2024;COROLLA; 0,00 ; 1.100,00 ; 1.100,00 ;;;;
02/01/2024;DUCATO; 524,36 ; 735,63 ; 1.259,99 ;;;;
02/01/2024;S10; 1.650,77 ; 1.237,18 ; 2.887,95 ;;;;
02/01/2024;207 SW; 382,50 ; 945,00 ; 1.327,50 ;;;;
03/01/2024;COMPASS; 1.104,35 ; 325,00 ; 1.429,35 ;;;;
03/01/2024;HRV; 0,00 ; 2.090,00 ; 2.090,00 ;;;;
03/01/2024;FIESTA; 60,00 ; 220,00 ; 280,00 ;;;;
04/01/2024;GLA200FF; 0,00 ; 60,00 ; 60,00 ;;;;
04/01/2024;HB20S; 227,83 ; 563,73 ; 791,56 ;;;;
05/01/2024;ONIX; 1.280,55 ; 569,45 ; 1.850,00 ;;;;
05/01/2024;CELTA; 346,51 ; 503,50 ; 850,01 ;;;;
05/01/2024;HRV; 339,60 ; 0,00 ; 339,60 ;;;;
08/01/2024;GRAND SIENA; 985,26 ; 1.014,69 ; 1.999,95 ;;;;
08/01/2024;HILUX SW4; 0,00 ; 340,00 ; 340,00 ;;;;
08/01/2024;BMW X1; 1.152,43 ; 427,56 ; 1.579,99 ;;;;
08/01/2024;PAJERO TR4; 2.632,24 ; 1.123,50 ; 3.755,74 ;;;;
08/01/2024;UNO; 329,75 ; 517,24 ; 846,99 ;;;;
08/01/2024;KA; 741,45 ; 315,00 ; 1.056,45 ;;;;
08/01/2024;RENEGADE; 1.791,85 ; 850,00 ; 2.641,85 ;;;;
08/01/2024;RAM RAMPAGE; 828,00 ; 0,00 ; 828,00 ;;;;
09/01/2024;L200 SAVANA; 1.967,86 ; 1.092,12 ; 3.059,98 ;;;;
09/01/2024;MARCH; 310,40 ; 340,00 ; 650,40 ;;;;
09/01/2024;PEUGEOT 208; 0,00 ; 340,01 ; 340,01 ;;;;
10/01/2024;L200 TRITON; 1.353,05 ; 635,00 ; 1.988,05 ;;;;
10/01/2024;VECTRA; 0,00 ; 200,00 ; 200,00 ;;;;
10/01/2024;S10; 434,46 ; 554,94 ; 989,40 ;;;;
11/01/2024;L200 TRITON; 920,00 ; 0,00 ; 920,00 ;;;;
11/01/2024;S10; 456,56 ; 685,00 ; 1.141,56 ;;;;
11/01/2024;C4 VTR; 1.965,10 ; 330,00 ; 2.295,10 ;;;;
11/01/2024;SANDERO; 576,00 ; 130,00 ; 706,00 ;;;;
11/01/2024;L200 OUTDOOR; 593,70 ; 220,00 ; 813,70 ;;;;
11/01/2024;BMW X1; 353,75 ; 0,00 ; 353,75 ;;;;
11/01/2024;PAMPA; 102,39 ; 97,61 ; 200,00 ;;;;
11/01/2024;PAJERO TR4; 350,00 ; 0,00 ; 350,00 ;;;;
12/01/2024;HILUX; 1.719,79 ; 565,22 ; 2.285,01 ;;;;
15/01/2024;SPIN; 81,60 ; 600,00 ; 681,60 ;;;;
15/01/2024;S10; 826,07 ; 603,00 ; 1.429,07 ;;;;
15/01/2024;MERIVA; 1.200,00 ; 0,00 ; 1.200,00 ;;;;
15/01/2024;PAJERO SPORT; 135,30 ; 0,00 ; 135,30 ;;;;
15/01/2024;CIVIC; 0,00 ; 190,00 ; 190,00 ;;;;
15/01/2024;JETTA; 2.649,05 ; 2.775,00 ; 5.424,05 ;;;;
15/01/2024;ESCORT; 2.462,83 ; 1.537,16 ; 3.999,99 ;;;;
15/01/2024;COMPASS; 687,00 ; 160,00 ; 847,00 ;;;;
16/01/2024;COURIER; 179,50 ; 165,00 ; 344,50 ;;;;
16/01/2024;LANCER; 1.870,60 ; 1.950,00 ; 3.820,60 ;;;;
16/01/2024;STRADA; 962,86 ; 617,15 ; 1.580,01 ;;;;
16/01/2024;PAJERO SPORT; 389,90 ; 210,00 ; 599,90 ;;;;
16/01/2024;ONIX; 250,45 ; 349,55 ; 600,00 ;;;;
16/01/2024;FRONTIER; 0,00 ; 495,00 ; 495,00 ;;;;
17/01/2024;HILUX; 469,50 ; 420,00 ; 889,50 ;;;;
17/01/2024;KICKS; 508,08 ; 120,00 ; 628,08 ;;;;
17/01/2024;KA; 439,45 ; 120,00 ; 559,45 ;;;;
18/01/2024;ONIX; 762,71 ; 207,28 ; 969,99 ;;;;
18/01/2024;CELTA; 486,35 ; 322,65 ; 809,00 ;;;;
18/01/2024;COMPASS; 2.333,10 ; 755,00 ; 3.088,10 ;;;;
18/01/2024;TRACKER; 770,80 ; 1.020,00 ; 1.790,80 ;;;;
19/01/2024;ASTRA; 1.123,08 ; 350,00 ; 1.473,08 ;;;;
19/01/2024;COROLLA; 1.089,15 ; 585,00 ; 1.674,15 ;;;;
22/01/2024;HILUX; 1.521,94 ; 634,33 ; 2.156,27 ;;;;
22/01/2024;L200 OUTDOOR; 4.334,10 ; 3.840,00 ; 8.174,10 ;;;;
22/01/2024;PALIO; 470,80 ; 1.379,22 ; 1.850,02 ;;;;
23/01/2024;COROLLA; 0,00 ; 130,00 ; 130,00 ;;;;
23/01/2024;VECTRA; 788,12 ; 500,48 ; 1.288,60 ;;;;
23/01/2024;PAJERO; 650,30 ; 0,00 ; 650,30 ;;;;
23/01/2024;PRISMA; 5,00 ; 0,00 ; 5,00 ;;;;
24/01/2024;S10; 5.988,63 ; 2.310,14 ; 8.298,77 ;;;;
24/01/2024;FOX; 354,60 ; 80,00 ; 434,60 ;;;;
24/01/2024;C3; 678,85 ; 525,00 ; 1.203,85 ;;;;
24/01/2024;PAJERO TR4; 2.313,95 ; 1.920,00 ; 4.233,95 ;;;;
25/01/2024;308; 420,00 ; 405,00 ; 825,00 ;;;;
25/01/2024;SANDERO; 1.377,10 ; 797,90 ; 2.175,00 ;;;;
25/01/2024;STRADA; 16,50 ; 140,00 ; 156,50 ;;;;
25/01/2024;PEUGEOT 208; 255,50 ; 0,00 ; 255,50 ;;;;
25/01/2024;PAJERO SPORT; 139,41 ; 700,58 ; 839,99 ;;;;
25/01/2024;CRV; 323,73 ; 0,00 ; 323,73 ;;;;
25/01/2024;HILUX; 882,65 ; 180,00 ; 1.062,65 ;;;;
26/01/2024;STRADA; 498,80 ; 640,00 ; 1.138,80 ;;;;
26/01/2024;FIORINO; 141,28 ; 218,72 ; 360,00 ;;;;
29/01/2024;PALIO WEEKEND; 340,36 ; 209,64 ; 550,00 ;;;;
29/01/2024;HB20; 791,09 ; 548,91 ; 1.340,00 ;;;;
29/01/2024;COMPASS; 704,60 ; 960,00 ; 1.664,60 ;;;;
30/01/2024;TORO; 1.345,78 ; 914,20 ; 2.259,98 ;;;;
30/01/2024;PAJERO DAKAR; 120,00 ; 0,00 ; 120,00 ;;;;
30/01/2024;HILUX; 6.368,50 ; 5.205,00 ; 11.573,50 ;;;;
30/01/2024;CRV; 0,00 ; 360,00 ; 360,00 ;;;;
30/01/2024;JETTA VARIANT; 0,00 ; 280,00 ; 280,00 ;;;;
31/01/2024;TRACKER; 3.507,10 ; 310,00 ; 3.817,10 ;;;;
31/01/2024;HB20; 803,70 ; 220,00 ; 1.023,70 ;;;;
31/01/2024;MERCEDES CLA; 0,00 ; 595,00 ; 595,00 ;;;;
01/02/2024;CRUZE; 0,00 ; 380,00 ; 380,00 ;;;;
01/02/2024;RENEGADE; 140,40 ; 185,00 ; 325,40 ;;;;
01/02/2024;TIGUAN; 1.089,17 ; 660,83 ; 1.750,00 ;;;;
02/02/2024;C250; 350,50 ; 200,00 ; 550,50 ;;;;
02/02/2024;HILUX SW4; 180,91 ; 369,10 ; 550,01 ;;;;
02/02/2024;PAJERO GLS-B; 875,55 ; 0,00 ; 875,55 ;;;;
05/02/2024;S10; 1.799,29 ; 555,70 ; 2.354,99 ;;;;
05/02/2024;HILUX; 1.238,50 ; 480,00 ; 1.718,50 ;;;;
05/02/2024;3008; 490,45 ; 370,00 ; 860,45 ;;;;
05/02/2024;BMW X1; 9.943,69 ; 2.456,32 ; 12.400,01 ;;;;
06/02/2024;COMPASS; 0,00 ; 440,00 ; 440,00 ;;;;
06/02/2024;CRUZE; 2.446,06 ; 1.053,95 ; 3.500,01 ;;;;
06/02/2024;JETTA; 619,53 ; 1.606,00 ; 2.225,53 ;;;;
06/02/2024;S10; 0,00 ; 120,00 ; 120,00 ;;;;
06/02/2024;SANDERO; 490,00 ; 90,00 ; 580,00 ;;;;
06/02/2024;HILUX; 182,35 ; 197,65 ; 380,00 ;;;;
07/02/2024;PAJERO DAKAR; 3.855,55 ; 1.415,00 ; 5.270,55 ;;;;
08/02/2024;PALIO; 150,00 ; 0,00 ; 150,00 ;;;;
08/02/2024;HILUX; 1.562,75 ; 450,00 ; 2.012,75 ;;;;
08/02/2024;C3; 0,00 ; 2.350,00 ; 2.350,00 ;;;;
09/02/2024;HRV; 1.043,55 ; 520,00 ; 1.563,55 ;;;;
09/02/2024;TORO; 0,00 ; 80,00 ; 80,00 ;;;;
09/02/2024;ONIX; 91,10 ; 60,00 ; 151,10 ;;;;
09/02/2024;PEUGEOT 208; 121,20 ; 113,80 ; 235,00 ;;;;
09/02/2024;STRADA; 1.513,65 ; 500,00 ; 2.013,65 ;;;;
14/02/2024;ONIX; 1.783,85 ; 390,00 ; 2.173,85 ;;;;
14/02/2024;RENEGADE; 2.343,00 ; 1.245,00 ; 3.588,00 ;;;;
14/02/2024;COMPASS; 189,99 ; 0,00 ; 189,99 ;;;;
14/02/2024;ONIX; 0,00 ; 280,00 ; 280,00 ;;;;
14/02/2024;CRUZE; 629,06 ; 170,94 ; 800,00 ;;;;
14/02/2024;ECOSPORT; 339,75 ; 0,00 ; 339,75 ;;;;
14/02/2024;S10; 77,50 ; 0,00 ; 77,50 ;;;;
14/02/2024;COMPASS; 1.791,34 ; 588,66 ; 2.380,00 ;;;;
15/02/2024;PAJERO DAKAR; 813,08 ; 186,92 ; 1.000,00 ;;;;
15/02/2024;GRAND CHEROKEE; 8.600,50 ; 3.400,00 ; 12.000,50 ;;;;
15/02/2024;GOL; 620,84 ; 359,16 ; 980,00 ;;;;
15/02/2024;CRUZE; 738,00 ; 455,00 ; 1.193,00 ;;;;
15/02/2024;COMPASS; 135,80 ; 0,00 ; 135,80 ;;;;
15/02/2024;PAJERO TR4; 2.008,40 ; 1.640,00 ; 3.648,40 ;;;;
15/02/2024;ONIX; 459,16 ; 330,84 ; 790,00 ;;;;
15/02/2024;BMW 320I; 74,64 ; 425,35 ; 499,99 ;;;;
16/02/2024;ECOSPORT; 286,99 ; 0,00 ; 286,99 ;;;;
16/02/2024;STRADA; 449,83 ; 93,67 ; 543,50 ;;;;
16/02/2024;C4 CACTUS; 0,00 ; 90,00 ; 90,00 ;;;;
16/02/2024;CRUZE; 6.572,32 ; 2.349,68 ; 8.922,00 ;;;;
16/02/2024;F250; 1.174,50 ; 545,00 ; 1.719,50 ;;;;
19/02/2024;SANDERO; 490,00 ; 90,00 ; 580,00 ;;;;
19/02/2024;UNO; 480,40 ; 240,00 ; 720,40 ;;;;
19/02/2024;GALAXIE 500; 195,36 ; 566,64 ; 762,00 ;;;;
19/02/2024;SIENA; 802,83 ; 947,17 ; 1.750,00 ;;;;
20/02/2024;COROLLA; 1.941,40 ; 2.380,00 ; 4.321,40 ;;;;
20/02/2024;PALIO; 0,00 ; 220,00 ; 220,00 ;;;;
20/02/2024;CORSA; 370,43 ; 260,00 ; 630,43 ;;;;
20/02/2024;S10; 390,05 ; 224,95 ; 615,00 ;;;;
20/02/2024;HRV; 150,36 ; 279,64 ; 430,00 ;;;;
21/02/2024;COMPASS; 738,00 ; 455,00 ; 1.193,00 ;;;;
21/02/2024;KA; 4,50 ; 120,00 ; 124,50 ;;;;
21/02/2024;CIVIC; 8.954,65 ; 6.980,35 ; 15.935,00 ;;;;
21/02/2024;PAMPA; 840,50 ; 1.030,00 ; 1.870,50 ;;;;
22/02/2024;JETTA; 238,15 ; 1.070,00 ; 1.308,15 ;;;;
22/02/2024;UP; 1.023,30 ; 700,00 ; 1.723,30 ;;;;
22/02/2024;FUSION; 0,00 ; 300,00 ; 300,00 ;;;;
22/02/2024;COMPASS; 2.910,50 ; 990,00 ; 3.900,50 ;;;;
23/02/2024;ESCORT; 1.875,51 ; 824,49 ; 2.700,00 ;;;;
23/02/2024;PEUGEOT 208; 30,80 ; 185,00 ; 215,80 ;;;;
26/02/2024;AZERA; 1.094,90 ; 0,00 ; 1.094,90 ;;;;
26/02/2024;RANGER; 938,54 ; 661,47 ; 1.600,01 ;;;;
26/02/2024;C180; 0,00 ; 240,00 ; 240,00 ;;;;
26/02/2024;MERIVA; 1.468,50 ; 630,00 ; 2.098,50 ;;;;
26/02/2024;AZERA; 634,70 ; 1.065,30 ; 1.700,00 ;;;;
27/02/2024;PEUGEOT 208; 267,07 ; 112,93 ; 380,00 ;;;;
27/02/2024;COMPASS; 245,91 ; 361,00 ; 606,91 ;;;;
27/02/2024;SANDERO; 507,83 ; 332,16 ; 839,99 ;;;;
27/02/2024;BMW 320I; 1.188,90 ; 380,00 ; 1.568,90 ;;;;
27/02/2024;SAVEIRO; 0,00 ; 80,00 ; 80,00 ;;;;
28/02/2024;KA; 498,20 ; 395,00 ; 893,20 ;;;;
28/02/2024;WRV; 1.020,36 ; 729,61 ; 1.749,97 ;;;;
28/02/2024;GOL; 375,30 ; 335,00 ; 710,30 ;;;;
28/02/2024;CLASSE A160; 360,80 ; 790,00 ; 1.150,80 ;;;;
29/02/2024;KICKS; 1.375,14 ; 824,87 ; 2.200,01 ;;;;
29/02/2024;PALIO; 681,55 ; 120,00 ; 801,55 ;;;;
04/03/2024;HB20; 5.467,99 ; 3.435,00 ; 8.902,99 ;;;;
04/03/2024;XC90; 0,00 ; 180,00 ; 180,00 ;;;;
04/03/2024;ASTRA; 42,53 ; 387,46 ; 429,99 ;;;;
04/03/2024;LIVINA; 894,65 ; 770,00 ; 1.664,65 ;;;;
04/03/2024;PAJERO SPORT; 401,80 ; 744,00 ; 1.145,80 ;;;;
05/03/2024;HB20; 536,87 ; 323,13 ; 860,00 ;;;;
05/03/2024;SAVEIRO; 2.073,26 ; 326,74 ; 2.400,00 ;;;;
05/03/2024;LIVINA; 322,95 ; 315,00 ; 637,95 ;;;;
05/03/2024;TORO; 3.822,55 ; 620,00 ; 4.442,55 ;;;;
05/03/2024;AZERA; 0,00 ; 370,00 ; 370,00 ;;;;
05/03/2024;SAVEIRO; 81,60 ; 480,00 ; 561,60 ;;;;
05/03/2024;BMW X1; 81,90 ; 0,00 ; 81,90 ;;;;
06/03/2024;MONTANA; 0,00 ; 300,00 ; 300,00 ;;;;
06/03/2024;AMAROK; 0,00 ; 285,00 ; 285,00 ;;;;
07/03/2024;CIVIC; 2.570,30 ; 1.180,00 ; 3.750,30 ;;;;
07/03/2024;CRUZE; 1.097,76 ; 552,23 ; 1.649,99 ;;;;
08/03/2024;PAJERO GLS-B; 121,00 ; 0,00 ; 121,00 ;;;;
11/03/2024;C4 CACTUS; 417,30 ; 200,00 ; 617,30 ;;;;
11/03/2024;S10; 837,66 ; 662,35 ; 1.500,01 ;;;;
12/03/2024;SANDERO; 81,56 ; 72,64 ; 154,20 ;;;;
12/03/2024;AZERA; 1.357,72 ; 1.142,27 ; 2.499,99 ;;;;
12/03/2024;BMW 335I; 671,35 ; 0,00 ; 671,35 ;;;;
12/03/2024;PAJERO DAKAR; 5.020,45 ; 1.592,00 ; 6.612,45 ;;;;
12/03/2024;LIFAN X60; 300,00 ; 0,00 ; 300,00 ;;;;
12/03/2024;PALIO; 0,00 ; 250,00 ; 250,00 ;;;;
13/03/2024;GOLF; 159,03 ; 240,97 ; 400,00 ;;;;
15/03/2024;COMPASS; 267,96 ; 109,04 ; 377,00 ;;;;
15/03/2024;BMW X1; 81,90 ; 0,00 ; 81,90 ;;;;
15/03/2024;NEW FIESTA; 1.842,80 ; 610,00 ; 2.452,80 ;;;;
15/03/2024;MONTANA; 553,60 ; 340,00 ; 893,60 ;;;;
15/03/2024;SANDERO; 794,12 ; 235,88 ; 1.030,00 ;;;;
18/03/2024;ARGO; 533,80 ; 600,00 ; 1.133,80 ;;;;
18/03/2024;ONIX; 100,00 ; 0,00 ; 100,00 ;;;;
18/03/2024;MONTANA; 381,38 ; 0,00 ; 381,38 ;;;;
18/03/2024;PALIO; 0,00 ; 220,00 ; 220,00 ;;;;
18/03/2024;JETTA; 79,80 ; 200,00 ; 279,80 ;;;;
20/03/2024;S10; 270,00 ; 0,00 ; 270,00 ;;;;
20/03/2024;PALIO; 130,10 ; 80,00 ; 210,10 ;;;;
20/03/2024;RAM 2500 LARAMIE; 0,00 ; 470,00 ; 470,00 ;;;;
20/03/2024;MERCEDES A160; 100,00 ; 600,01 ; 700,01 ;;;;
20/03/2024;AGILE; 574,02 ; 432,00 ; 1.006,02 ;;;;
20/03/2024;PALIO; 0,00 ; 120,00 ; 120,00 ;;;;
20/03/2024;COMPASS; 0,00 ; 250,00 ; 250,00 ;;;;
21/03/2024;HILUX; 0,00 ; 180,00 ; 180,00 ;;;;
21/03/2024;L200; 623,01 ; 777,00 ; 1.400,01 ;;;;
21/03/2024;COMPASS; 2.090,00 ; 180,00 ; 2.270,00 ;;;;
21/03/2024;TRACKER; 1.338,39 ; 965,61 ; 2.304,00 ;;;;
22/03/2024;XC40; 1.243,18 ; 379,83 ; 1.623,01 ;;;;
22/03/2024;COROLLA; 5.111,10 ; 4.985,00 ; 10.096,10 ;;;;
22/03/2024;PAMPA; 1.040,68 ; 1.154,31 ; 2.194,99 ;;;;
25/03/2024;CELTA; 2,50 ; 60,00 ; 62,50 ;;;;
25/03/2024;RENEGADE; 1.916,00 ; 1.270,00 ; 3.186,00 ;;;;
25/03/2024;ONIX; 1.905,55 ; 610,00 ; 2.515,55 ;;;;
25/03/2024;RENEGADE; 419,75 ; 495,00 ; 914,75 ;;;;
25/03/2024;SUBARU WRX; 3.349,53 ; 1.539,77 ; 4.889,30 ;;;;
26/03/2024;PRISMA; 343,30 ; 0,00 ; 343,30 ;;;;
26/03/2024;SAVEIRO; 395,00 ; 0,00 ; 395,00 ;;;;
27/03/2024;NEW FIESTA; 959,65 ; 390,00 ; 1.349,65 ;;;;
27/03/2024;S10; 556,51 ; 343,49 ; 900,00 ;;;;
27/03/2024;CAPTUR; 130,70 ; 180,00 ; 310,70 ;;;;
27/03/2024;PICK UP CORSA; 1.551,10 ; 65,00 ; 1.616,10 ;;;;
28/03/2024;TRACKER; 265,00 ; 340,00 ; 605,00 ;;;;
28/03/2024;3008; 578,20 ; 80,00 ; 658,20 ;;;;
01/04/2024;HILUX SW4; 1.680,86 ; 619,12 ; 2.299,98 ;;;;
01/04/2024;ONIX; 0,00 ; 120,00 ; 120,00 ;;;;
01/04/2024;VELOSTER; 0,00 ; 250,00 ; 250,00 ;;;;
01/04/2024;TORO; 0,00 ; 80,00 ; 80,00 ;;;;
01/04/2024;HRV; 2.112,65 ; 0,00 ; 2.112,65 ;;;;
02/04/2024;TORO; 1.739,89 ; 1.690,12 ; 3.430,01 ;;;;
02/04/2024;HB20; 366,40 ; 133,60 ; 500,00 ;;;;
02/04/2024;HILUX SW4; 584,25 ; 0,00 ; 584,25 ;;;;
03/04/2024;STRADA; 282,25 ; 297,75 ; 580,00 ;;;;
03/04/2024;AMAROK; 6.721,02 ; 778,97 ; 7.499,99 ;;;;
03/04/2024;RANGER; 25,00 ; 165,00 ; 190,00 ;;;;
03/04/2024;BMW 335I; 1.211,60 ; 3.800,00 ; 5.011,60 ;;;;
03/04/2024;HILUX; 480,14 ; 919,86 ; 1.400,00 ;;;;
03/04/2024;BMW X1; 2.524,75 ; 1.525,26 ; 4.050,01 ;;;;
03/04/2024;AMAROK; 17.278,71 ; 4.121,28 ; 21.399,99 ;;;;
04/04/2024;ONIX; 697,50 ; 130,00 ; 827,50 ;;;;
04/04/2024;S10; 201,90 ; 783,31 ; 985,21 ;;;;
04/04/2024;JETTA; 0,00 ; 300,00 ; 300,00 ;;;;
04/04/2024;MERCEDES B200T; 0,00 ; 300,00 ; 300,00 ;;;;
05/04/2024;SUBARU WRX; 918,00 ; 280,00 ; 1.198,00 ;;;;
05/04/2024;CORSA CLASSIC; 647,32 ; 352,69 ; 1.000,01 ;;;;
05/04/2024;PAJERO DAKAR; 978,00 ; 90,00 ; 1.068,00 ;;;;
08/04/2024;C4 LOUNGE; 1.312,20 ; 560,00 ; 1.872,20 ;;;;
08/04/2024;ZAFIRA; 41,35 ; 120,00 ; 161,35 ;;;;
08/04/2024;DUSTER; 3.802,90 ; 3.570,00 ; 7.372,90 ;;;;
08/04/2024;FUSCA; 141,20 ; 80,00 ; 221,20 ;;;;
08/04/2024;FRONTIER; 965,15 ; 200,00 ; 1.165,15 ;;;;
08/04/2024;S10; 0,00 ; 130,00 ; 130,00 ;;;;
09/04/2024;KADETT; 847,79 ; 622,23 ; 1.470,02 ;;;;
09/04/2024;MONTANA; 0,00 ; 120,00 ; 120,00 ;;;;
10/04/2024;PALIO WEEKEND; 2.214,75 ; 1.620,00 ; 3.834,75 ;;;;
10/04/2024;F250; 2.838,16 ; 640,00 ; 3.478,16 ;;;;
10/04/2024;TRACKER; 920,00 ; 0,00 ; 920,00 ;;;;
10/04/2024;TCROSS; 647,35 ; 210,00 ; 857,35 ;;;;
11/04/2024;ECOSPORT; 0,00 ; 280,00 ; 280,00 ;;;;
11/04/2024;BMW 320I; 635,50 ; 0,00 ; 635,50 ;;;;
11/04/2024;AUDI Q5; 851,15 ; 530,00 ; 1.381,15 ;;;;
12/04/2024;FASTBACK; 913,43 ; 150,00 ; 1.063,43 ;;;;
12/04/2024;DUCATO; 620,00 ; 0,00 ; 620,00 ;;;;
12/04/2024;PAJERO TR4; 561,00 ; 120,00 ; 681,00 ;;;;
12/04/2024;SANDERO; 167,25 ; 280,00 ; 447,25 ;;;;
12/04/2024;STRADA; 348,00 ; 340,00 ; 688,00 ;;;;
15/04/2024;CRUZE; 378,00 ; 300,00 ; 678,00 ;;;;
15/04/2024;UP; 2.368,86 ; 521,15 ; 2.890,01 ;;;;
15/04/2024;ONIX; 387,00 ; 0,00 ; 387,00 ;;;;
16/04/2024;L200 TRITON; 4.035,56 ; 2.112,79 ; 6.148,35 ;;;;
16/04/2024;BMW 320I; 436,15 ; 0,00 ; 436,15 ;;;;
16/04/2024;PAJERO FULL; 6.037,65 ; 3.135,00 ; 9.172,65 ;;;;
17/04/2024;TRACKER; 596,68 ; 903,31 ; 1.499,99 ;;;;
17/04/2024;DODGE RAM 2500; 1.134,80 ; 525,00 ; 1.659,80 ;;;;
17/04/2024;COMPASS; 304,80 ; 160,00 ; 464,80 ;;;;
19/04/2024;MERCEDES CLA45; 1.469,40 ; 380,00 ; 1.849,40 ;;;;
19/04/2024;ONIX; 463,85 ; 90,00 ; 553,85 ;;;;
22/04/2024;TORO; 3.289,92 ; 1.650,10 ; 4.940,02 ;;;;
22/04/2024;CRUZE; 1.717,73 ; 1.320,27 ; 3.038,00 ;;;;
22/04/2024;CIVIC; 0,00 ; 300,00 ; 300,00 ;;;;
22/04/2024;STRADA; 270,48 ; 279,52 ; 550,00 ;;;;
22/04/2024;CRUZE; 1.530,95 ; 759,04 ; 2.289,99 ;;;;
22/04/2024;S10; 372,25 ; 460,00 ; 832,25 ;;;;
23/04/2024;GRAND CHEROKEE; 888,71 ; 8.661,28 ; 9.549,99 ;;;;
23/04/2024;L200 TRITON; 1.694,31 ; 555,70 ; 2.250,01 ;;;;
23/04/2024;S10; 611,05 ; 0,00 ; 611,05 ;;;;
23/04/2024;PAJERO TR4; 5.770,44 ; 1.529,56 ; 7.300,00 ;;;;
23/04/2024;EXPERT; 2.277,81 ; 472,20 ; 2.750,01 ;;;;
23/04/2024;207 SW; 129,00 ; 0,00 ; 129,00 ;;;;
23/04/2024;BMW X1; 188,11 ; 1.801,89 ; 1.990,00 ;;;;
23/04/2024;ETIOS; 0,00 ; 120,00 ; 120,00 ;;;;
23/04/2024;MERCEDES CLA; 920,27 ; 479,73 ; 1.400,00 ;;;;
24/04/2024;STRADA; 1.248,13 ; 647,87 ; 1.896,00 ;;;;
24/04/2024;PALIO WEEKEND; 688,45 ; 230,00 ; 918,45 ;;;;
24/04/2024;COROLLA; 0,00 ; 300,00 ; 300,00 ;;;;
25/04/2024;HILUX; 771,85 ; 475,00 ; 1.246,85 ;;;;
25/04/2024;AMAROK; 23,05 ; 116,95 ; 140,00 ;;;;
25/04/2024;L200; 1.079,32 ; 2.400,68 ; 3.480,00 ;;;;
26/04/2024;COMPASS; 870,00 ; 0,00 ; 870,00 ;;;;
26/04/2024;COMPASS; 5.552,28 ; 2.647,72 ; 8.200,00 ;;;;
26/04/2024;ONIX; 1.054,69 ; 795,31 ; 1.850,00 ;;;;
26/04/2024;S10; 532,20 ; 0,00 ; 532,20 ;;;;
26/04/2024;CORSA; 376,25 ; 388,76 ; 765,01 ;;;;
29/04/2024;GRANDSIENA; 564,05 ; 0,00 ; 564,05 ;;;;
29/04/2024;AMAROK; 19,60 ; 400,00 ; 419,60 ;;;;
29/04/2024;HILUX SW4; 2.836,85 ; 1.710,00 ; 4.546,85 ;;;;
29/04/2024;PORSCHE; 4.549,72 ; 1.765,00 ; 6.314,72 ;;;;
29/04/2024;PALIO; 140,20 ; 90,00 ; 230,20 ;;;;
30/04/2024;COROLLA; 0,00 ; 198,00 ; 198,00 ;;;;
30/04/2024;X1; 1.011,48 ; 188,52 ; 1.200,00 ;;;;
02/05/2024;UNO; 370,10 ; 175,00 ; 545,10 ;;;;
02/05/2024;ETIOS; 1.610,07 ; 696,27 ; 2.306,34 ;;;;
02/05/2024;ONIX; 1.014,80 ; 465,19 ; 1.479,99 ;;;;
02/05/2024;FUSION; 2.842,26 ; 4.057,76 ; 6.900,02 ;;;;
03/05/2024;CIVIC; 168,00 ; 0,00 ; 168,00 ;;;;
03/05/2024;CORSA CLASSIC; 206,89 ; 93,11 ; 300,00 ;;;;
06/05/2024;TORO; 76,00 ; 340,00 ; 416,00 ;;;;
06/05/2024;VECTRA; 374,82 ; 225,18 ; 600,00 ;;;;
06/05/2024;GRAND CHEROKEE; 394,25 ; 670,00 ; 1.064,25 ;;;;
06/05/2024;STRADA; 184,30 ; 95,69 ; 279,99 ;;;;
06/05/2024;POLO; 1.833,20 ; 1.000,00 ; 2.833,20 ;;;;
07/05/2024;STRADA; 214,23 ; 85,50 ; 299,73 ;;;;
07/05/2024;PAJERO DAKAR; 217,00 ; 150,00 ; 367,00 ;;;;
07/05/2024;S10; 1.761,50 ; 780,00 ; 2.541,50 ;;;;
08/05/2024;SAVEIRO; 498,40 ; 440,00 ; 938,40 ;;;;
08/05/2024;MONTANA; 98,60 ; 130,00 ; 228,60 ;;;;
08/05/2024;COMPASS; 517,80 ; 335,00 ; 852,80 ;;;;
08/05/2024;RANGER; 244,68 ; 5.550,00 ; 5.794,68 ;;;;
08/05/2024;CORSA; 1.938,40 ; 740,00 ; 2.678,40 ;;;;
09/05/2024;DOBLO; 1.995,50 ; 325,00 ; 2.320,50 ;;;;
09/05/2024;HB20; 2.354,30 ; 715,00 ; 3.069,30 ;;;;
09/05/2024;SAVEIRO; 0,00 ; 220,00 ; 220,00 ;;;;
10/05/2024;COMPASS; 89,25 ; 80,00 ; 169,25 ;;;;
10/05/2024;MERCEDES B200T; 3.777,96 ; 472,04 ; 4.250,00 ;;;;
10/05/2024;PAJERO SPORT; 420,35 ; 0,00 ; 420,35 ;;;;
10/05/2024;COBALT; 84,30 ; 130,00 ; 214,30 ;;;;
10/05/2024;PAJERO SPORT; 0,00 ; 1.200,00 ; 1.200,00 ;;;;
13/05/2024;PAJERO GLS-B; 1.831,63 ; 520,00 ; 2.351,63 ;;;;
13/05/2024;TUCSON; 193,99 ; 541,50 ; 735,49 ;;;;
13/05/2024;FUSION; 2.126,80 ; 840,00 ; 2.966,80 ;;;;
13/05/2024;COMPASS; 160,85 ; 230,00 ; 390,85 ;;;;
14/05/2024;L200 SAVANA; 0,00 ; 630,00 ; 630,00 ;;;;
14/05/2024;CORSA; 46,90 ; 295,00 ; 341,90 ;;;;
14/05/2024;L200 TRITON; 556,99 ; 185,66 ; 742,65 ;;;;
14/05/2024;HB20; 185,04 ; 449,96 ; 635,00 ;;;;
14/05/2024;PAMPA; 230,00 ; 220,00 ; 450,00 ;;;;
14/05/2024;RENEGADE; 131,33 ; 418,67 ; 550,00 ;;;;
14/05/2024;HILUX; 5.270,90 ; 1.970,00 ; 7.240,90 ;;;;
15/05/2024;FIAT 500; 3.370,25 ; 1.400,00 ; 4.770,25 ;;;;
15/05/2024;L200 TRITON; 25,00 ; 900,00 ; 925,00 ;;;;
15/05/2024;C4 LOUNGE; 30,00 ; 1.580,00 ; 1.610,00 ;;;;
15/05/2024;PASSAT; 0,00 ; 110,00 ; 110,00 ;;;;
15/05/2024;MOBI; 364,70 ; 0,00 ; 364,70 ;;;;
16/05/2024;TRACKER; 159,20 ; 100,00 ; 259,20 ;;;;
16/05/2024;PEUGEOT 207; 170,12 ; 530,00 ; 700,12 ;;;;
16/05/2024;PEUGEOT 207; 120,00 ; 0,00 ; 120,00 ;;;;
16/05/2024;TUCSON; 372,60 ; 480,00 ; 852,60 ;;;;
16/05/2024;PAJERO SPORT; 2.323,06 ; 2.226,08 ; 4.549,14 ;;;;
17/05/2024;FRONTIER; 2.242,10 ; 585,00 ; 2.827,10 ;;;;
17/05/2024;TCROSS; 525,00 ; 200,00 ; 725,00 ;;;;
20/05/2024;L200 TRITON; 8.007,17 ; 4.289,20 ; 12.296,37 ;;;;
20/05/2024;BMW X1; 1.419,35 ; 980,65 ; 2.400,00 ;;;;
20/05/2024;AMAROK; 60,00 ; 0,00 ; 60,00 ;;;;
20/05/2024;207; 0,00 ; 200,00 ; 200,00 ;;;;
20/05/2024;MERIVA; 36,30 ; 0,00 ; 36,30 ;;;;
21/05/2024;CRUZE; 696,80 ; 453,20 ; 1.150,00 ;;;;
21/05/2024;ONIX; 1.708,14 ; 535,00 ; 2.243,14 ;;;;
21/05/2024;HILUX SW4; 1.698,30 ; 510,00 ; 2.208,30 ;;;;
21/05/2024;FRONTIER; 198,00 ; 455,00 ; 653,00 ;;;;
21/05/2024;TORO; 719,70 ; 440,00 ; 1.159,70 ;;;;
22/05/2024;MONTANA; 846,80 ; 230,00 ; 1.076,80 ;;;;
22/05/2024;POLO; 30,00 ; 0,00 ; 30,00 ;;;;
22/05/2024;JETTA; 808,85 ; 1.160,00 ; 1.968,85 ;;;;
22/05/2024;RENEGADE; 0,00 ; 80,00 ; 80,00 ;;;;
22/05/2024;PAJERO SPORT; 263,88 ; 1.736,11 ; 1.999,99 ;;;;
23/05/2024;RANGER; 1.036,40 ; 643,59 ; 1.679,99 ;;;;
23/05/2024;BMW X1; 112,40 ; 450,00 ; 562,40 ;;;;
23/05/2024;PAJERO DAKAR; 136,15 ; 390,00 ; 526,15 ;;;;
23/05/2024;CELTA; 1.366,30 ; 940,00 ; 2.306,30 ;;;;
24/05/2024;HILUX; 0,00 ; 1.140,00 ; 1.140,00 ;;;;
24/05/2024;DODGE RAM 2500; 20,00 ; 780,00 ; 800,00 ;;;;
24/05/2024;ETIOS; 0,00 ; 80,00 ; 80,00 ;;;;
27/05/2024;CRUZE; 1.136,29 ; 713,71 ; 1.850,00 ;;;;
27/05/2024;S10; 600,00 ; 0,00 ; 600,00 ;;;;
27/05/2024;ZAFIRA; 1.192,55 ; 430,00 ; 1.622,55 ;;;;
27/05/2024;S10; 2.427,45 ; 850,25 ; 3.277,70 ;;;;
27/05/2024;RANGER; 1.176,75 ; 680,00 ; 1.856,75 ;;;;
28/05/2024;LINEA; 31,98 ; 268,02 ; 300,00 ;;;;
28/05/2024;S10; 504,34 ; 230,00 ; 734,34 ;;;;
28/05/2024;CAPTUR; 664,08 ; 479,92 ; 1.144,00 ;;;;
28/05/2024;C4 LOUNGE; 0,00 ; 770,00 ; 770,00 ;;;;
29/05/2024;AUDI RS7; 0,00 ; 200,00 ; 200,00 ;;;;
29/05/2024;BMW 330I; 0,00 ; 60,90 ; 60,90 ;;;;
29/05/2024;CAPTUR; 702,10 ; 0,00 ; 702,10 ;;;;
29/05/2024;VERSA; 963,90 ; 500,00 ; 1.463,90 ;;;;
29/05/2024;MERCEDES B200T; 0,00 ; 500,00 ; 500,00 ;;;;
31/05/2024;VECTRA; 0,00 ; 80,00 ; 80,00 ;;;;
31/05/2024;RENEGADE; 357,80 ; 100,00 ; 457,80 ;;;;
31/05/2024;ONIX; 330,35 ; 350,00 ; 680,35 ;;;;
31/05/2024;COROLLA FIELDER; 6.076,27 ; 2.923,71 ; 8.999,98 ;;;;
03/06/2024;PAJERO TR4; 0,00 ; 200,00 ; 200,00 ;;;;
03/06/2024;S10; 0,00 ; 180,00 ; 180,00 ;;;;
03/06/2024;L200 TRITON; 1.679,55 ; 390,00 ; 2.069,55 ;;;;
03/06/2024;ECOSPORT; 1.679,20 ; 900,00 ; 2.579,20 ;;;;
03/06/2024;HILUX; 6,00 ; 100,00 ; 106,00 ;;;;
03/06/2024;HILUX SW4; 981,85 ; 360,00 ; 1.341,85 ;;;;
04/06/2024;MONTANA; 367,49 ; 532,49 ; 899,98 ;;;;
05/06/2024;SENTRA; 0,00 ; 80,00 ; 80,00 ;;;;
05/06/2024;SAVEIRO; 15,11 ; 672,54 ; 687,65 ;;;;
05/06/2024;PEUGEOT 208; 1.220,20 ; 739,80 ; 1.960,00 ;;;;
05/06/2024;PAJERO TR4; 1.414,69 ; 85,31 ; 1.500,00 ;;;;
06/06/2024;PAJERO SPORT; 2.762,21 ; 1.937,81 ; 4.700,02 ;;;;
06/06/2024;JETTA; 39,40 ; 180,00 ; 219,40 ;;;;
06/06/2024;HB20; 0,00 ; 180,00 ; 180,00 ;;;;
07/06/2024;NOVO CORSA; 58,00 ; 0,00 ; 58,00 ;;;;
07/06/2024;MERCEDES B200T; 297,50 ; 200,00 ; 497,50 ;;;;
07/06/2024;DUSTER; 102,02 ; 187,98 ; 290,00 ;;;;
10/06/2024;UNO; 2.255,40 ; 1.135,00 ; 3.390,40 ;;;;
10/06/2024;308; 19,20 ; 80,00 ; 99,20 ;;;;
10/06/2024;DISCOVERY; 2.489,00 ; 740,00 ; 3.229,00 ;;;;
11/06/2024;HILUX; 966,29 ; 333,71 ; 1.300,00 ;;;;
11/06/2024;COURIER; 795,35 ; 440,00 ; 1.235,35 ;;;;
11/06/2024;AMAROK; 0,00 ; 80,00 ; 80,00 ;;;;
11/06/2024;MERCEDES B200T; 316,80 ; 200,00 ; 516,80 ;;;;
11/06/2024;PAMPA; 225,60 ; 150,00 ; 375,60 ;;;;
12/06/2024;HILUX SW4; 6.054,70 ; 5.450,00 ; 11.504,70 ;;;;
12/06/2024;COMPASS; 116,00 ; 0,00 ; 116,00 ;;;;
12/06/2024;CIVIC; 620,75 ; 650,00 ; 1.270,75 ;;;;
12/06/2024;MERCEDES; 0,00 ; 250,00 ; 250,00 ;;;;
12/06/2024;HRV; 43,90 ; 790,00 ; 833,90 ;;;;
12/06/2024;C4 LOUNGE; 0,00 ; 560,00 ; 560,00 ;;;;
12/06/2024;COMPASS; 3.558,21 ; 821,80 ; 4.380,01 ;;;;
13/06/2024;PEUGEOT 208; 9,60 ; 80,00 ; 89,60 ;;;;
13/06/2024;CORSA CLASSIC; 0,00 ; 170,00 ; 170,00 ;;;;
13/06/2024;GOLF VARIANT; 459,20 ; 0,00 ; 459,20 ;;;;
14/06/2024;PALIO; 1.985,70 ; 1.440,00 ; 3.425,70 ;;;;
14/06/2024;BMW X5; 3.284,40 ; 1.115,00 ; 4.399,40 ;;;;
14/06/2024;PAJERO TR4; 509,95 ; 480,00 ; 989,95 ;;;;
14/06/2024;PAJERO SPORT; 67,35 ; 0,00 ; 67,35 ;;;;
14/06/2024;COMPASS; 1.926,70 ; 2.800,00 ; 4.726,70 ;;;;
17/06/2024;ONIX; 198,71 ; 191,29 ; 390,00 ;;;;
18/06/2024;ELANTRA; 858,00 ; 680,00 ; 1.538,00 ;;;;
18/06/2024;COROLLA; 177,65 ; 120,00 ; 297,65 ;;;;
18/06/2024;GRAND CHEROKEE; 3.020,46 ; 1.144,55 ; 4.165,01 ;;;;
18/06/2024;KA; 25,00 ; 5,00 ; 30,00 ;;;;
19/06/2024;S10; 0,00 ; 170,00 ; 170,00 ;;;;
19/06/2024;S10; 5.304,44 ; 2.795,57 ; 8.100,01 ;;;;
19/06/2024;S10; 1.205,05 ; 585,00 ; 1.790,05 ;;;;
19/06/2024;HB20; 1.100,20 ; 566,94 ; 1.667,14 ;;;;
20/06/2024;SANDERO; 1.290,95 ; 595,00 ; 1.885,95 ;;;;
20/06/2024;RENEGADE; 1.090,29 ; 749,70 ; 1.839,99 ;;;;
20/06/2024;AUDI A5; 3.712,05 ; 2.257,95 ; 5.970,00 ;;;;
20/06/2024;AUDI A3; 1.943,02 ; 79,98 ; 2.023,00 ;;;;
20/06/2024;BMW 330E; 0,00 ; 560,00 ; 560,00 ;;;;
21/06/2024;PAJERO TR4; 257,70 ; 490,00 ; 747,70 ;;;;
21/06/2024;SPACEFOX; 384,20 ; 0,00 ; 384,20 ;;;;
21/06/2024;RENEGADE; 1.090,30 ; 749,70 ; 1.840,00 ;;;;
21/06/2024;SUBARU WRX; 114,15 ; 120,00 ; 234,15 ;;;;
21/06/2024;SANDERO; 0,00 ; 80,00 ; 80,00 ;;;;
21/06/2024;C4 PALLAS; 210,16 ; 189,84 ; 400,00 ;;;;
21/06/2024;COMPASS; 2.093,89 ; 350,00 ; 2.443,89 ;;;;
24/06/2024;CRUZE; 696,80 ; 453,20 ; 1.150,00 ;;;;
24/06/2024;HILUX; 328,70 ; 480,00 ; 808,70 ;;;;
24/06/2024;ZAFIRA; 738,00 ; 480,00 ; 1.218,00 ;;;;
24/06/2024;L200 TRITON; 2.929,75 ; 1.010,00 ; 3.939,75 ;;;;
25/06/2024;SPIN; 1.447,51 ; 818,37 ; 2.265,88 ;;;;
25/06/2024;AUDI A3; 2.882,11 ; 987,90 ; 3.870,01 ;;;;
25/06/2024;CRONOS; 196,93 ; 0,00 ; 196,93 ;;;;
26/06/2024;GOLF; 1.488,16 ; 1.159,87 ; 2.648,03 ;;;;
26/06/2024;COMPASS; 664,20 ; 480,00 ; 1.144,20 ;;;;
26/06/2024;HILUX; 1.319,78 ; 775,00 ; 2.094,78 ;;;;
26/06/2024;ETIOS; 1.311,36 ; 728,64 ; 2.040,00 ;;;;
27/06/2024;BMW 325I; 13,10 ; 711,90 ; 725,00 ;;;;
27/06/2024;SUBARU WRX; 350,00 ; 0,00 ; 350,00 ;;;;
28/06/2024;S10; 0,00 ; 170,00 ; 170,00 ;;;;
28/06/2024;S10; 0,00 ; 170,00 ; 170,00 ;;;;
28/06/2024;BMW 335I; 1.409,70 ; 7.338,95 ; 8.748,65 ;;;;
28/06/2024;HRV; 529,01 ; 456,00 ; 985,01 ;;;;
28/06/2024;STRADA; 0,00 ; 40,00 ; 40,00 ;;;;
01/07/2024;ONIX; 842,47 ; 547,95 ; 1.390,42 ;;;;
01/07/2024;S10; 1.845,74 ; 554,27 ; 2.400,01 ;;;;
02/07/2024;LIVINA; 1.015,30 ; 620,00 ; 1.635,30 ;;;;
02/07/2024;PAMPA; 1.082,50 ; 1.610,00 ; 2.692,50 ;;;;
02/07/2024;C4 VTR; 364,30 ; 0,00 ; 364,30 ;;;;
02/07/2024;COMPASS; 615,53 ; 0,00 ; 615,53 ;;;;
02/07/2024;FIESTA; 979,71 ; 360,29 ; 1.340,00 ;;;;
03/07/2024;CRUZE; 729,63 ; 85,37 ; 815,00 ;;;;
03/07/2024;ZAFIRA; 74,60 ; 0,00 ; 74,60 ;;;;
04/07/2024;MONTANA; 1.730,93 ; 1.645,00 ; 3.375,93 ;;;;
04/07/2024;TORO; 2.023,65 ; 2.765,35 ; 4.789,00 ;;;;
04/07/2024;MERCEDES C250; 30,00 ; 0,00 ; 30,00 ;;;;
04/07/2024;CRUZE; 738,00 ; 480,00 ; 1.218,00 ;;;;
04/07/2024;MERIVA; 0,00 ; 120,00 ; 120,00 ;;;;
04/07/2024;FASTBACK; 0,00 ; 470,00 ; 470,00 ;;;;
05/07/2024;HILUX; 70,36 ; 109,64 ; 180,00 ;;;;
05/07/2024;MONTANA; 367,85 ; 172,16 ; 540,01 ;;;;
05/07/2024;AMAROK; 1.632,25 ; 275,00 ; 1.907,25 ;;;;
05/07/2024;L200 TRITON; 350,00 ; 0,00 ; 350,00 ;;;;
05/07/2024;207; 263,30 ; 149,40 ; 412,70 ;;;;
08/07/2024;CRUZE; 738,00 ; 480,00 ; 1.218,00 ;;;;
08/07/2024;TRACKER; 0,00 ; 350,00 ; 350,00 ;;;;
08/07/2024;L200 TRITON; 335,25 ; 450,00 ; 785,25 ;;;;
08/07/2024;PAJERO DAKAR; 376,80 ; 280,00 ; 656,80 ;;;;
08/07/2024;PAJERO DAKAR; 1.506,03 ; 693,96 ; 2.199,99 ;;;;
08/07/2024;BMW 320I; 0,00 ; 300,00 ; 300,00 ;;;;
08/07/2024;C4 VTR; 1.581,07 ; 329,93 ; 1.911,00 ;;;;
10/07/2024;NOVO CORSA; 114,20 ; 0,00 ; 114,20 ;;;;
10/07/2024;S10; 0,00 ; 525,00 ; 525,00 ;;;;
10/07/2024;AUDI A5; 863,53 ; 76,47 ; 940,00 ;;;;
10/07/2024;GOL; 1.602,54 ; 1.297,44 ; 2.899,98 ;;;;
10/07/2024;FRONTIER; 0,00 ; 400,00 ; 400,00 ;;;;
10/07/2024;ONIX; 0,00 ; 657,00 ; 657,00 ;;;;
11/07/2024;PRISMA; 738,00 ; 480,00 ; 1.218,00 ;;;;
11/07/2024;MASTER; 3.974,60 ; 540,00 ; 4.514,60 ;;;;
11/07/2024;AMAROK; 2.689,75 ; 1.660,00 ; 4.349,75 ;;;;
12/07/2024;STRADA; 1.114,90 ; 565,00 ; 1.679,90 ;;;;
15/07/2024;TRACKER; 1.076,45 ; 1.330,00 ; 2.406,45 ;;;;
15/07/2024;UP; 291,20 ; 0,00 ; 291,20 ;;;;
15/07/2024;TORO; 669,30 ; 0,00 ; 669,30 ;;;;
15/07/2024;KA; 696,08 ; 300,00 ; 996,08 ;;;;
15/07/2024;CORSA CLASSIC; 0,00 ; 370,00 ; 370,00 ;;;;
16/07/2024;SAVEIRO; 0,00 ; 670,00 ; 670,00 ;;;;
16/07/2024;TRACKER; 495,99 ; 0,00 ; 495,99 ;;;;
16/07/2024;AMAROK; 900,76 ; 549,24 ; 1.450,00 ;;;;
16/07/2024;GOL; 0,00 ; 162,00 ; 162,00 ;;;;
16/07/2024;COMPASS; 701,93 ; 879,90 ; 1.581,83 ;;;;
16/07/2024;L200 TRITON; 1.067,83 ; 582,17 ; 1.650,00 ;;;;
17/07/2024;L200 TRITON; 600,00 ; 0,00 ; 600,00 ;;;;
17/07/2024;TRACKER; 0,00 ; 220,00 ; 220,00 ;;;;
17/07/2024;MERCEDES CLA; 1.493,20 ; 494,85 ; 1.988,05 ;;;;
18/07/2024;CITY; 143,40 ; 520,00 ; 663,40 ;;;;
18/07/2024;207; 12,60 ; 520,00 ; 532,60 ;;;;
19/07/2024;UP; 1.022,50 ; 740,00 ; 1.762,50 ;;;;
22/07/2024;PRISMA; 162,50 ; 590,00 ; 752,50 ;;;;
22/07/2024;ONIX; 0,00 ; 700,00 ; 700,00 ;;;;
22/07/2024;GOL; 1.433,54 ; 1.710,45 ; 3.143,99 ;;;;
22/07/2024;CIVIC; 1.579,13 ; 820,87 ; 2.400,00 ;;;;
22/07/2024;UNO; 430,03 ; 279,98 ; 710,01 ;;;;
22/07/2024;TIGUAN; 15,00 ; 185,00 ; 200,00 ;;;;
22/07/2024;ONIX; 425,40 ; 120,00 ; 545,40 ;;;;
23/07/2024;ACCORD; 0,00 ; 350,00 ; 350,00 ;;;;
23/07/2024;STRADA; 0,00 ; 220,00 ; 220,00 ;;;;
24/07/2024;L200 TRITON; 1.566,71 ; 713,29 ; 2.280,00 ;;;;
24/07/2024;AUDI A5; 103,90 ; 0,00 ; 103,90 ;;;;
24/07/2024;DISCOVERY IV; 1.904,40 ; 195,62 ; 2.100,02 ;;;;
24/07/2024;AZERA; 1.251,12 ; 0,00 ; 1.251,12 ;;;;
24/07/2024;3008; 0,00 ; 350,00 ; 350,00 ;;;;
24/07/2024;L200 TRITON; 0,00 ; 1.410,00 ; 1.410,00 ;;;;
24/07/2024;CRUZE; 36,14 ; 463,86 ; 500,00 ;;;;
24/07/2024;IX35; 94,90 ; 410,00 ; 504,90 ;;;;
25/07/2024;PAJERO SPORT; 195,90 ; 0,00 ; 195,90 ;;;;
26/07/2024;JETTA; 0,00 ; 630,00 ; 630,00 ;;;;
26/07/2024;CIVIC; 936,66 ; 463,34 ; 1.400,00 ;;;;
26/07/2024;PAJERO TR4; 0,00 ; 720,00 ; 720,00 ;;;;
29/07/2024;RANGER; 118,87 ; 841,13 ; 960,00 ;;;;
29/07/2024;AMAROK; 0,00 ; 120,00 ; 120,00 ;;;;
29/07/2024;HILUX; 153,00 ; 1.080,00 ; 1.233,00 ;;;;
29/07/2024;HILUX; 2.289,01 ; 2.211,03 ; 4.500,04 ;;;;
29/07/2024;DODGE RAM 2500; 36,70 ; 0,00 ; 36,70 ;;;;
30/07/2024;PAMPA; 191,56 ; 98,44 ; 290,00 ;;;;
30/07/2024;HILUX; 1.896,55 ; 765,00 ; 2.661,55 ;;;;
31/07/2024;ONIX PLUS; 748,00 ; 480,00 ; 1.228,00 ;;;;
31/07/2024;DISCOVERY IV; 2.876,80 ; 2.200,00 ; 5.076,80 ;;;;
01/08/2024;CIVIC; 68,90 ; 680,00 ; 748,90 ;;;;
01/08/2024;FRONTIER; 3.799,72 ; 3.400,29 ; 7.200,01 ;;;;
01/08/2024;PALIO WEEKEND; 2.066,66 ; 540,00 ; 2.606,66 ;;;;
01/08/2024;SUZUKI SX4; 673,20 ; 480,00 ; 1.153,20 ;;;;
02/08/2024;HILUX; 165,93 ; 1.034,07 ; 1.200,00 ;;;;
02/08/2024;COMPASS; 708,75 ; 60,00 ; 768,75 ;;;;
02/08/2024;SAVEIRO; 291,00 ; 0,00 ; 291,00 ;;;;
02/08/2024;MERCEDES CLA; 0,00 ; 3.610,00 ; 3.610,00 ;;;;
05/08/2024;L200 TRITON; 1.776,94 ; 683,07 ; 2.460,01 ;;;;
06/08/2024;BMW X1; 1.348,00 ; 1.260,00 ; 2.608,00 ;;;;
06/08/2024;TORO; 1.406,45 ; 480,00 ; 1.886,45 ;;;;
06/08/2024;C4 VTR; 495,00 ; 80,00 ; 575,00 ;;;;
06/08/2024;ASX; 1.033,75 ; 720,00 ; 1.753,75 ;;;;
06/08/2024;SPIN; 564,10 ; 635,88 ; 1.199,98 ;;;;
06/08/2024;GOLF; 189,32 ; 5.665,67 ; 5.854,99 ;;;;
07/08/2024;SANTA FE; 939,96 ; 850,00 ; 1.789,96 ;;;;
07/08/2024;PRISMA; 822,80 ; 480,00 ; 1.302,80 ;;;;
08/08/2024;VECTRA; 45,00 ; 250,00 ; 295,00 ;;;;
08/08/2024;STRADA; 120,00 ; 80,00 ; 200,00 ;;;;
08/08/2024;CRV; 0,00 ; 200,00 ; 200,00 ;;;;
08/08/2024;PAJERO SPORT; 460,49 ; 589,51 ; 1.050,00 ;;;;
09/08/2024;POLO; 889,55 ; 580,45 ; 1.470,00 ;;;;
09/08/2024;HILUX; 184,60 ; 329,00 ; 513,60 ;;;;
09/08/2024;PARATI; 780,94 ; 819,07 ; 1.600,01 ;;;;
09/08/2024;COROLLA; 859,65 ; 620,34 ; 1.479,99 ;;;;
09/08/2024;FUSCA NEW; 1.263,42 ; 936,57 ; 2.199,99 ;;;;
12/08/2024;HILUX; 2.475,49 ; 1.324,52 ; 3.800,01 ;;;;
12/08/2024;L200 TRITON; 149,00 ; 0,00 ; 149,00 ;;;;
12/08/2024;FLUENCE; 0,00 ; 280,00 ; 280,00 ;;;;
12/08/2024;KA; 457,64 ; 120,00 ; 577,64 ;;;;
13/08/2024;JETTA; 394,93 ; 780,00 ; 1.174,93 ;;;;
13/08/2024;S10; 4.564,10 ; 2.345,00 ; 6.909,10 ;;;;
13/08/2024;CELTA; 135,03 ; 139,98 ; 275,01 ;;;;
14/08/2024;PAJERO DAKAR; 1.531,55 ; 1.398,00 ; 2.929,55 ;;;;
14/08/2024;PAJERO FULL; 161,75 ; 200,00 ; 361,75 ;;;;
14/08/2024;BMW X6; 0,00 ; 540,00 ; 540,00 ;;;;
14/08/2024;HILUX; 144,60 ; 90,00 ; 234,60 ;;;;
14/08/2024;FRONTIER; 321,39 ; 1.014,30 ; 1.335,69 ;;;;
16/08/2024;ONIX; 1.204,95 ; 381,54 ; 1.586,49 ;;;;
16/08/2024;WRV; 2.518,70 ; 840,00 ; 3.358,70 ;;;;
16/08/2024;MERCEDES CLA; 957,63 ; 542,37 ; 1.500,00 ;;;;
16/08/2024;CRUZE; 673,20 ; 612,00 ; 1.285,20 ;;;;
16/08/2024;CELTA; 1.713,18 ; 1.016,81 ; 2.729,99 ;;;;
13/08/2024;IX35; 820,65 ; 310,00 ; 1.130,65 ;;;;
16/08/2024;PRISMA; 700,49 ; 449,51 ; 1.150,00 ;;;;
19/08/2024;BMW X1; 280,00 ; 160,00 ; 440,00 ;;;;
19/08/2024;RENEGADE; 637,02 ; 192,97 ; 829,99 ;;;;
19/08/2024;DISCOVERY 4; 326,44 ; 573,41 ; 899,85 ;;;;
20/08/2024;VERA CRUZ; 163,80 ; 320,00 ; 483,80 ;;;;
20/08/2024;STRADA; 120,00 ; 0,00 ; 120,00 ;;;;
20/08/2024;DUSTER; 0,00 ; 650,00 ; 650,00 ;;;;
20/08/2024;PAJERO DAKAR; 2.951,29 ; 648,71 ; 3.600,00 ;;;;
21/08/2024;STRADA; 704,54 ; 322,12 ; 1.026,66 ;;;;
21/08/2024;TRAILBLAZER; 2.105,87 ; 678,13 ; 2.784,00 ;;;;
21/08/2024;HUILUX; 1.712,15 ; 637,86 ; 2.350,01 ;;;;
21/08/2024;UNO; 171,64 ; 248,36 ; 420,00 ;;;;
21/08/2024;GOLF; 1.030,69 ; 963,75 ; 1.994,44 ;;;;
21/08/2024;UP; 76,50 ; 90,00 ; 166,50 ;;;;
22/08/2024;HILUX; 2.228,85 ; 1.255,00 ; 3.483,85 ;;;;
22/08/2024;UP; 231,56 ; 960,00 ; 1.191,56 ;;;;
22/08/2024;ARGO; 120,00 ; 300,00 ; 420,00 ;;;;
23/08/2024;MOBI; 0,00 ; 765,00 ; 765,00 ;;;;
26/08/2024;CRUZE; 1.802,22 ; 697,78 ; 2.500,00 ;;;;
26/08/2024;FRONTIER; 1.168,16 ; 688,50 ; 1.856,66 ;;;;
26/08/2024;TRACKER; 1.785,00 ; 2.570,00 ; 4.355,00 ;;;;
26/08/2024;PEUGEOT 207; 74,80 ; 421,50 ; 496,30 ;;;;
26/08/2024;HB20; 1.195,24 ; 494,76 ; 1.690,00 ;;;;
26/08/2024;L200 TRITON; 583,81 ; 180,00 ; 763,81 ;;;;
27/08/2024;MONTANA; 1.216,96 ; 368,60 ; 1.585,56 ;;;;
27/08/2024;HB20S; 0,00 ; 200,00 ; 200,00 ;;;;
27/08/2024;COROLLA; 972,30 ; 600,00 ; 1.572,30 ;;;;
28/08/2024;C200; 0,00 ; 350,00 ; 350,00 ;;;;
28/08/2024;HILUX; 920,00 ; 0,00 ; 920,00 ;;;;
28/08/2024;COROLLA; 1.845,71 ; 483,83 ; 2.329,54 ;;;;
28/08/2024;HILUX; 150,59 ; 169,41 ; 320,00 ;;;;
28/08/2024;BMW X1; 343,35 ; 0,00 ; 343,35 ;;;;
29/08/2024;BMW X6; 1.008,25 ; 805,00 ; 1.813,25 ;;;;
29/08/2024;PICK UP CORSA; 208,30 ; 0,00 ; 208,30 ;;;;
29/08/2024;VECTRA; 1.818,80 ; 710,00 ; 2.528,80 ;;;;
29/08/2024;3008; 1.674,57 ; 760,00 ; 2.434,57 ;;;;
29/08/2024;PAJERO SPORT; 1.106,38 ; 643,61 ; 1.749,99 ;;;;
30/08/2024;HILUX; 1.595,60 ; 834,40 ; 2.430,00 ;;;;
30/08/2024;HILUX; 569,21 ; 630,79 ; 1.200,00 ;;;;
30/08/2024;HILUX; 120,00 ; 0,00 ; 120,00 ;;;;
02/09/2024;CRUZE; 75,00 ; 280,00 ; 355,00 ;;;;
02/09/2024;PAJERO TR4; 0,00 ; 300,00 ; 300,00 ;;;;
02/09/2024;PREMIO; 0,00 ; 100,00 ; 100,00 ;;;;
02/09/2024;COMPASS; 120,00 ; 220,00 ; 340,00 ;;;;
02/09/2024;BMW X1; 880,55 ; 710,00 ; 1.590,55 ;;;;
02/09/2024;RANGER; 630,56 ; 1.212,44 ; 1.843,00 ;;;;
03/09/2024;COMPASS; 1.316,78 ; 783,22 ; 2.100,00 ;;;;
03/09/2024;HILUX; 1.216,19 ; 1.163,82 ; 2.380,01 ;;;;
03/09/2024;PREMIO; 131,77 ; 88,24 ; 220,01 ;;;;
04/09/2024;TORO; 929,74 ; 514,14 ; 1.443,88 ;;;;
04/09/2024;WRV; 299,00 ; 0,00 ; 299,00 ;;;;
04/09/2024;COMPASS; 423,45 ; 400,00 ; 823,45 ;;;;
04/09/2024;HILUX; 236,53 ; 343,48 ; 580,01 ;;;;
04/09/2024;L200 TRITON; 791,20 ; 199,81 ; 991,01 ;;;;
05/09/2024;HILUX; 1.595,55 ; 900,00 ; 2.495,55 ;;;;
05/09/2024;BMW 528I; 0,00 ; 260,00 ; 260,00 ;;;;
05/09/2024;FUSCA; 945,23 ; 1.014,76 ; 1.959,99 ;;;;
05/09/2024;GOLF; 144,40 ; 580,00 ; 724,40 ;;;;
05/09/2024;CHEVETTE; 1.712,33 ; 2.450,67 ; 4.163,00 ;;;;
05/09/2024;FIESTA; 1.448,25 ; 390,00 ; 1.838,25 ;;;;
06/09/2024;SANDERO; 179,50 ; 340,00 ; 519,50 ;;;;
06/09/2024;ONIX; 0,00 ; 180,00 ; 180,00 ;;;;
09/09/2024;TORO; 0,00 ; 80,00 ; 80,00 ;;;;
09/09/2024;RENEGADE; 1.732,32 ; 1.417,68 ; 3.150,00 ;;;;
09/09/2024;I30; 0,00 ; 180,00 ; 180,00 ;;;;
09/09/2024;CRUZE; 604,27 ; 0,00 ; 604,27 ;;;;
09/09/2024;CIVIC; 0,00 ; 180,00 ; 180,00 ;;;;
09/09/2024;STRADA; 1.260,63 ; 660,00 ; 1.920,63 ;;;;
09/09/2024;HILUX; 920,00 ; 0,00 ; 920,00 ;;;;
09/09/2024;CIVIC; 316,18 ; 499,82 ; 816,00 ;;;;
09/09/2024;HB20; 347,60 ; 250,00 ; 597,60 ;;;;
10/09/2024;COMPASS; 427,17 ; 272,83 ; 700,00 ;;;;
10/09/2024;BMW 320I; 0,00 ; 1.199,99 ; 1.199,99 ;;;;
10/09/2024;BMW X6; 0,00 ; 450,00 ; 450,00 ;;;;
10/09/2024;HILUX; 7,65 ; 60,00 ; 67,65 ;;;;
10/09/2024;PALIO; 27,00 ; 189,00 ; 216,00 ;;;;
10/09/2024;PAMPA; 4.212,00 ; 3.340,00 ; 7.552,00 ;;;;
10/09/2024;PAJERO SPORT; 590,25 ; 0,00 ; 590,25 ;;;;
11/09/2024;HB20; 262,00 ; 0,00 ; 262,00 ;;;;
11/09/2024;BMW X1; 0,00 ; 490,00 ; 490,00 ;;;;
11/09/2024;PAJERO DAKAR; 133,64 ; 866,37 ; 1.000,01 ;;;;
12/09/2024;PREMIO; 77,80 ; 160,00 ; 237,80 ;;;;
12/09/2024;NIVUS; 920,00 ; 0,00 ; 920,00 ;;;;
12/09/2024;TRACKER; 162,50 ; 350,00 ; 512,50 ;;;;
13/09/2024;AUDI 80; 0,00 ; 120,00 ; 120,00 ;;;;
13/09/2024;FIESTA; 157,23 ; 345,00 ; 502,23 ;;;;
13/09/2024;ASTRA; 383,44 ; 459,00 ; 842,44 ;;;;
13/09/2024;COMPASS; 0,00 ; 320,00 ; 320,00 ;;;;
13/09/2024;COMPASS; 1.038,60 ; 130,00 ; 1.168,60 ;;;;
13/09/2024;AZERA; 319,16 ; 0,00 ; 319,16 ;;;;
13/09/2024;MOBI; 292,38 ; 460,13 ; 752,51 ;;;;
13/09/2024;ZAFIRA; 20,85 ; 365,00 ; 385,85 ;;;;
13/09/2024;CELTA; 360,70 ; 370,00 ; 730,70 ;;;;
16/09/2024;C4 VTR; 339,65 ; 420,00 ; 759,65 ;;;;
16/09/2024;I30; 120,00 ; 180,00 ; 300,00 ;;;;
16/09/2024;OMEGA; 0,00 ; 400,00 ; 400,00 ;;;;
17/09/2024;TRACKER; 808,00 ; 480,00 ; 1.288,00 ;;;;
17/09/2024;S10; 508,83 ; 691,17 ; 1.200,00 ;;;;
17/09/2024;GOLF; 73,85 ; 120,00 ; 193,85 ;;;;
17/09/2024;PALIO WEEKEND; 331,00 ; 150,00 ; 481,00 ;;;;
17/09/2024;HRV; 307,00 ; 0,00 ; 307,00 ;;;;
18/09/2024;RENEGADE; 1.884,74 ; 1.602,14 ; 3.486,88 ;;;;
18/09/2024;ONIX; 353,85 ; 96,15 ; 450,00 ;;;;
18/09/2024;BONGO; 2.918,45 ; 1.261,54 ; 4.179,99 ;;;;
18/09/2024;UNO; 1.703,58 ; 1.015,00 ; 2.718,58 ;;;;
18/09/2024;L200 TRITON; 2.009,90 ; 3.060,00 ; 5.069,90 ;;;;
18/09/2024;3008; 117,03 ; 172,96 ; 289,99 ;;;;
18/09/2024;PICK UP CORSA; 57,00 ; 0,00 ; 57,00 ;;;;
18/09/2024;XC40; 895,70 ; 400,00 ; 1.295,70 ;;;;
19/09/2024;VECTRA; 381,15 ; 60,00 ; 441,15 ;;;;
19/09/2024;COMPASS; 2.153,46 ; 696,54 ; 2.850,00 ;;;;
19/09/2024;PREMIO; 38,21 ; 179,80 ; 218,01 ;;;;
19/09/2024;COMPASS; 636,60 ; 0,00 ; 636,60 ;;;;
20/09/2024;DUSTER; 417,25 ; 370,00 ; 787,25 ;;;;
20/09/2024;CIVIC; 484,30 ; 80,00 ; 564,30 ;;;;
20/09/2024;HILUX; 1.950,00 ; 460,00 ; 2.410,00 ;;;;
20/09/2024;TORO; 24,50 ; 480,00 ; 504,50 ;;;;
23/09/2024;FRONTIER; 2.590,01 ; 980,00 ; 3.570,01 ;;;;
23/09/2024;S10; 720,00 ; 0,00 ; 720,00 ;;;;
23/09/2024;S10; 151,84 ; 348,16 ; 500,00 ;;;;
23/09/2024;VOLVO XC60; 0,00 ; 350,00 ; 350,00 ;;;;
23/09/2024;OUTLANDER; 1.308,10 ; 540,00 ; 1.848,10 ;;;;
24/09/2024;VIRTUS; 999,10 ; 600,00 ; 1.599,10 ;;;;
24/09/2024;C3; 2.951,65 ; 1.433,35 ; 4.385,00 ;;;;
24/09/2024;CRUZE; 1.165,63 ; 904,36 ; 2.069,99 ;;;;
24/09/2024;CAPTIVA; 0,00 ; 150,00 ; 150,00 ;;;;
24/09/2024;COMPASS; 1.379,49 ; 465,51 ; 1.845,00 ;;;;
24/09/2024;MOBI; 259,84 ; 130,16 ; 390,00 ;;;;
24/09/2024;TORO; 1.429,00 ; 280,00 ; 1.709,00 ;;;;
25/09/2024;HRV; 617,72 ; 462,28 ; 1.080,00 ;;;;
25/09/2024;SAVEIRO; 994,10 ; 205,90 ; 1.200,00 ;;;;
25/09/2024;COROLLA; 798,35 ; 576,00 ; 1.374,35 ;;;;
26/09/2024;HB20X; 145,83 ; 204,17 ; 350,00 ;;;;
26/09/2024;TORO; 229,65 ; 140,00 ; 369,65 ;;;;
26/09/2024;AUDI A5; 3.377,82 ; 3.022,17 ; 6.399,99 ;;;;
27/09/2024;L200 TRITON; 15.688,00 ; 0,00 ; 15.688,00 ;;;;
27/09/2024;STRADA; 0,00 ; 140,00 ; 140,00 ;;;;
27/09/2024;CRUZE; 1.082,20 ; 480,00 ; 1.562,20 ;;;;
27/09/2024;LANCER; 2.520,58 ; 1.464,43 ; 3.985,01 ;;;;
27/09/2024;S10; 89,45 ; 660,00 ; 749,45 ;;;;
27/09/2024;ARGO; 1.394,54 ; 810,00 ; 2.204,54 ;;;;
30/09/2024;C4 VTR; 374,35 ; 410,00 ; 784,35 ;;;;
30/09/2024;JETTA; 389,00 ; 370,00 ; 759,00 ;;;;
30/09/2024;F250; 0,00 ; 290,00 ; 290,00 ;;;;
01/10/2024;PALIO WEEKEND; 580,20 ; 605,00 ; 1.185,20 ;;;;
01/10/2024;COMPASS; 1.940,70 ; 360,00 ; 2.300,70 ;;;;
01/10/2024;L200 TRITON; 0,00 ; 220,00 ; 220,00 ;;;;
01/10/2024;VECTRA; 75,00 ; 240,00 ; 315,00 ;;;;
01/10/2024;STRADA; 0,00 ; 400,00 ; 400,00 ;;;;
02/10/2024;CRUZE; 748,00 ; 480,00 ; 1.228,00 ;;;;
02/10/2024;OUTLANDER; 1.683,31 ; 980,00 ; 2.663,31 ;;;;
03/10/2024;L200 TRITON; 149,80 ; 1.060,00 ; 1.209,80 ;;;;
03/10/2024;TORO; 167,80 ; 590,00 ; 757,80 ;;;;
03/10/2024;PAJERO DAKAR; 1.003,95 ; 180,00 ; 1.183,95 ;;;;
04/10/2024;AUDI Q3; 3.068,95 ; 1.891,06 ; 4.960,01 ;;;;
04/10/2024;S10; 93,12 ; 2.298,90 ; 2.392,02 ;;;;
04/10/2024;RANGER; 920,00 ; 0,00 ; 920,00 ;;;;
07/10/2024;RENEGADE; 5.656,29 ; 4.089,73 ; 9.746,02 ;;;;
07/10/2024;HILUX; 165,45 ; 460,00 ; 625,45 ;;;;
08/10/2024;NEW FIESTA; 709,55 ; 550,00 ; 1.259,55 ;;;;
08/10/2024;PAMPA; 445,20 ; 510,00 ; 955,20 ;;;;
08/10/2024;PAJERO DAKAR; 347,04 ; 972,96 ; 1.320,00 ;;;;
08/10/2024;ONIX; 1.260,75 ; 885,00 ; 2.145,75 ;;;;
09/10/2024;KICKS; 1.111,38 ; 788,62 ; 1.900,00 ;;;;
09/10/2024;TROLLER T4; 631,58 ; 2.268,44 ; 2.900,02 ;;;;
10/10/2024;HILUX; 0,00 ; 200,00 ; 200,00 ;;;;
10/10/2024;LANCER; 95,80 ; 1.600,00 ; 1.695,80 ;;;;
10/10/2024;S10; 1.056,06 ; 648,00 ; 1.704,06 ;;;;
10/10/2024;SIENA; 136,43 ; 270,00 ; 406,43 ;;;;
11/10/2024;ASX; 157,50 ; 0,00 ; 157,50 ;;;;
11/10/2024;HILUX; 1.191,45 ; 683,54 ; 1.874,99 ;;;;
11/10/2024;207; 0,00 ; 27,00 ; 27,00 ;;;;
14/10/2024;FIT; 16,43 ; 350,00 ; 366,43 ;;;;
14/10/2024;HILUX; 1.024,00 ; 440,00 ; 1.464,00 ;;;;
14/10/2024;VECTRA; 0,00 ; 180,00 ; 180,00 ;;;;
14/10/2024;BMW 325I; 7.080,03 ; 3.240,00 ; 10.320,03 ;;;;
14/10/2024;CELTA; 377,45 ; 80,00 ; 457,45 ;;;;
15/10/2024;GOL; 290,72 ; 180,00 ; 470,72 ;;;;
15/10/2024;NEW FIESTA; 1.180,10 ; 665,00 ; 1.845,10 ;;;;
15/10/2024;SAVEIRO; 120,00 ; 0,00 ; 120,00 ;;;;
15/10/2024;SENTRA; 1.304,70 ; 1.065,31 ; 2.370,01 ;;;;
16/10/2024;CITY; 1.890,64 ; 749,34 ; 2.639,98 ;;;;
16/10/2024;RENEGADE; 0,00 ; 300,00 ; 300,00 ;;;;
16/10/2024;COMPASS; 1.372,28 ; 1.027,71 ; 2.399,99 ;;;;
16/10/2024;HILUX; 647,00 ; 0,00 ; 647,00 ;;;;
17/10/2024;STRADA; 227,39 ; 180,59 ; 407,98 ;;;;
17/10/2024;X4; 0,00 ; 350,00 ; 350,00 ;;;;
17/10/2024;ARGO; 215,65 ; 232,35 ; 448,00 ;;;;
18/10/2024;CRV; 120,00 ; 0,00 ; 120,00 ;;;;
18/10/2024;GOL; 283,98 ; 266,03 ; 550,01 ;;;;
18/10/2024;TORO; 3.464,15 ; 6.387,27 ; 9.851,42 ;;;;
18/10/2024;207 SW; 659,88 ; 600,00 ; 1.259,88 ;;;;
21/10/2024;S10; 1.134,11 ; 695,89 ; 1.830,00 ;;;;
21/10/2024;HB20; 340,10 ; 0,00 ; 340,10 ;;;;
21/10/2024;STRADA; 0,00 ; 240,00 ; 240,00 ;;;;
21/10/2024;COROLLA; 0,00 ; 160,00 ; 160,00 ;;;;
22/10/2024;L200 TRITON; 12,40 ; 90,00 ; 102,40 ;;;;
22/10/2024;HILUX; 0,00 ; 450,00 ; 450,00 ;;;;
23/10/2024;ASTRA; 637,20 ; 385,00 ; 1.022,20 ;;;;
23/10/2024;ONIX; 1.715,23 ; 1.404,75 ; 3.119,98 ;;;;
23/10/2024;STRADA; 91,10 ; 110,00 ; 201,10 ;;;;
23/10/2024;COROLLA; 993,41 ; 686,59 ; 1.680,00 ;;;;
23/10/2024;TORO; 1.541,60 ; 270,00 ; 1.811,60 ;;;;
23/10/2024;HB20; 2.708,30 ; 960,00 ; 3.668,30 ;;;;
24/10/2024;COROLLA; 1.041,20 ; 720,00 ; 1.761,20 ;;;;
24/10/2024;MONTANA; 120,00 ; 410,00 ; 530,00 ;;;;
24/10/2024;HRV; 0,00 ; 315,00 ; 315,00 ;;;;
28/10/2024;RENEGADE; 1.403,67 ; 1.387,91 ; 2.791,58 ;;;;
29/10/2024;HB20; 0,00 ; 350,00 ; 350,00 ;;;;
29/10/2024;LAND CRUISER; 2.516,45 ; 0,00 ; 2.516,45 ;;;;
29/10/2024;OPALA; 516,60 ; 680,00 ; 1.196,60 ;;;;
29/10/2024;COROLLA; 349,50 ; 110,00 ; 459,50 ;;;;
29/10/2024;ASTRA; 6,00 ; 90,00 ; 96,00 ;;;;
29/10/2024;CRUZE; 1.060,00 ; 860,00 ; 1.920,00 ;;;;
30/10/2024;PAJERO DAKAR; 75,00 ; 0,00 ; 75,00 ;;;;
30/10/2024;COROLLA; 900,00 ; 0,00 ; 900,00 ;;;;
01/11/2024;S10; 325,92 ; 145,50 ; 471,42 ;;;;
01/11/2024;HILUX; 462,25 ; 540,00 ; 1.002,25 ;;;;
01/11/2024;ZAFIRA; 700,49 ; 449,51 ; 1.150,00 ;;;;
01/11/2024;C4 PALLAS; 730,94 ; 469,06 ; 1.200,00 ;;;;
01/11/2024;L200 TRITON; 5.937,52 ; 2.562,49 ; 8.500,01 ;;;;
04/11/2024;L200 TRITON; 208,92 ; 600,00 ; 808,92 ;;;;
04/11/2024;COROLLA; 888,85 ; 640,00 ; 1.528,85 ;;;;
04/11/2024;ASTRA; 120,00 ; 180,00 ; 300,00 ;;;;
04/11/2024;ARGO; 295,61 ; 564,39 ; 860,00 ;;;;
04/11/2024;TORO; 398,30 ; 0,00 ; 398,30 ;;;;
05/11/2024;TORO; 944,00 ; 600,00 ; 1.544,00 ;;;;
05/11/2024;C4 LOUNGE; 2.129,12 ; 1.729,17 ; 3.858,29 ;;;;
05/11/2024;HILUX SW4; 132,50 ; 1.080,00 ; 1.212,50 ;;;;
05/11/2024;EXPERT; 0,00 ; 400,00 ; 400,00 ;;;;
05/11/2024;GOLF; 0,00 ; 160,00 ; 160,00 ;;;;
06/11/2024;STRADA; 459,15 ; 480,00 ; 939,15 ;;;;
06/11/2024;HILUX; 1.365,68 ; 174,32 ; 1.540,00 ;;;;
06/11/2024;RANGER; 815,05 ; 484,95 ; 1.300,00 ;;;;
06/11/2024;UP; 0,00 ; 400,00 ; 400,00 ;;;;
07/11/2024;HB20; 0,00 ; 180,00 ; 180,00 ;;;;
07/11/2024;S10; 801,10 ; 1.270,00 ; 2.071,10 ;;;;
07/11/2024;CRUZE; 500,69 ; 19,32 ; 520,01 ;;;;
07/11/2024;HILUX; 1.298,24 ; 651,75 ; 1.949,99 ;;;;
07/11/2024;L200; 1.096,68 ; 683,32 ; 1.780,00 ;;;;
07/11/2024;AUDI A5; 336,82 ; 143,18 ; 480,00 ;;;;
08/11/2024;GOLF; 299,10 ; 150,00 ; 449,10 ;;;;
08/11/2024;L200; 529,70 ; 0,00 ; 529,70 ;;;;
08/11/2024;CRONOS; 2.574,94 ; 1.360,00 ; 3.934,94 ;;;;
08/11/2024;STRADA; 260,03 ; 299,97 ; 560,00 ;;;;
08/11/2024;HILUX; 1.081,90 ; 0,00 ; 1.081,90 ;;;;
11/11/2024;ASTRA; 154,95 ; 80,00 ; 234,95 ;;;;
12/11/2024;ONIX; 0,00 ; 180,00 ; 180,00 ;;;;
12/11/2024;TCROSS; 1.961,23 ; 1.259,83 ; 3.221,06 ;;;;
12/11/2024;PRISMA; 93,50 ; 90,00 ; 183,50 ;;;;
12/11/2024;L200 TRITON; 670,20 ; 405,00 ; 1.075,20 ;;;;
13/11/2024;FUSION; 0,00 ; 120,00 ; 120,00 ;;;;
13/11/2024;CIVIC; 841,90 ; 680,00 ; 1.521,90 ;;;;
13/11/2024;ASTRA; 0,00 ; 320,00 ; 320,00 ;;;;
13/11/2024;STRADA; 1.248,10 ; 1.651,92 ; 2.900,02 ;;;;
14/11/2024;KA; 152,37 ; 1.012,47 ; 1.164,84 ;;;;
14/11/2024;COMPASS; 1.721,78 ; 328,22 ; 2.050,00 ;;;;
18/11/2024;PALIO WEEKEND; 2.712,25 ; 795,00 ; 3.507,25 ;;;;
18/11/2024;PAJERO DAKAR; 1.616,10 ; 605,00 ; 2.221,10 ;;;;
18/11/2024;VOYAGE; 0,00 ; 180,00 ; 180,00 ;;;;
18/11/2024;CIVIC; 156,90 ; 193,10 ; 350,00 ;;;;
18/11/2024;PAJERO DAKAR; 6.321,86 ; 4.528,13 ; 10.849,99 ;;;;
19/11/2024;COROLLA; 74,27 ; 425,73 ; 500,00 ;;;;
19/11/2024;BMW 528I; 770,19 ; 2.729,81 ; 3.500,00 ;;;;
19/11/2024;CIVIC; 499,00 ; 80,02 ; 579,02 ;;;;
19/11/2024;ASTRA; 333,65 ; 586,35 ; 920,00 ;;;;
21/11/2024;BMW X6; 2.561,50 ; 3.100,00 ; 5.661,50 ;;;;
21/11/2024;GOLF; 884,30 ; 990,00 ; 1.874,30 ;;;;
21/11/2024;COMPASS; 1.221,04 ; 1.387,00 ; 2.608,04 ;;;;
21/11/2024;HILUX SW4; 552,54 ; 207,47 ; 760,01 ;;;;
22/11/2024;3008; 335,85 ; 320,00 ; 655,85 ;;;;
22/11/2024;SPIN; 821,80 ; 527,36 ; 1.349,16 ;;;;
25/11/2024;AZERA; 568,00 ; 430,00 ; 998,00 ;;;;
25/11/2024;S10; 369,32 ; 570,68 ; 940,00 ;;;;
25/11/2024;COMPASS; 2.059,74 ; 1.140,26 ; 3.200,00 ;;;;
25/11/2024;VECTRA; 467,86 ; 1.582,13 ; 2.049,99 ;;;;
25/11/2024;S10; 962,63 ; 349,20 ; 1.311,83 ;;;;
25/11/2024;ONIX; 151,78 ; 385,61 ; 537,39 ;;;;
26/11/2024;MOBI; 3.493,94 ; 1.296,05 ; 4.789,99 ;;;;
26/11/2024;FASTBACK; 0,00 ; 360,00 ; 360,00 ;;;;
26/11/2024;S10; 1,30 ; 388,00 ; 389,30 ;;;;
27/11/2024;T-CROSS; 0,00 ; 350,00 ; 350,00 ;;;;
27/11/2024;PAJERO TR4; 4.924,30 ; 4.585,00 ; 9.509,30 ;;;;
28/11/2024;L200 TRITON; 936,00 ; 320,00 ; 1.256,00 ;;;;
28/11/2024;GRAND SIENA; 112,94 ; 207,06 ; 320,00 ;;;;
28/11/2024;TORO; 959,80 ; 180,00 ; 1.139,80 ;;;;
29/11/2024;HRV; 1.414,55 ; 680,00 ; 2.094,55 ;;;;
29/11/2024;TORO; 640,00 ; 0,00 ; 640,00 ;;;;
29/11/2024;BMW 320I; 2.567,18 ; 1.032,82 ; 3.600,00 ;;;;
29/11/2024;SANDERO; 229,15 ; 200,00 ; 429,15 ;;;;
29/11/2024;VOLVO C30; 243,00 ; 0,00 ; 243,00 ;;;;
02/12/2024;TUCSON; 281,00 ; 150,00 ; 431,00 ;;;;
02/12/2024;MINI COOPER S; 6.552,84 ; 2.720,15 ; 9.272,99 ;;;;
02/12/2024;MERCEDES CLA; 1.078,07 ; 1.471,94 ; 2.550,01 ;;;;
02/12/2024;COMPASS; 2.305,47 ; 694,51 ; 2.999,98 ;;;;
03/12/2024;AZERA; 696,89 ; 503,11 ; 1.200,00 ;;;;
03/12/2024;C4 LOUNGE; 0,00 ; 580,00 ; 580,00 ;;;;
03/12/2024;AZERA; 0,00 ; 400,00 ; 400,00 ;;;;
04/12/2024;MOBI; 144,64 ; 255,36 ; 400,00 ;;;;
04/12/2024;PAJERO SPORT; 498,60 ; 0,00 ; 498,60 ;;;;
04/12/2024;CAPTUR; 371,59 ; 278,42 ; 650,01 ;;;;
04/12/2024;UNO MILLE; 494,39 ; 705,60 ; 1.199,99 ;;;;
05/12/2024;HRV; 1.546,41 ; 647,99 ; 2.194,40 ;;;;
05/12/2024;PAJERO DAKAR; 145,00 ; 200,00 ; 345,00 ;;;;
05/12/2024;BMW 320I; 1.887,00 ; 940,00 ; 2.827,00 ;;;;
05/12/2024;TCROSS; 1.058,10 ; 640,00 ; 1.698,10 ;;;;
06/12/2024;FIESTA; 225,00 ; 80,00 ; 305,00 ;;;;
06/12/2024;RANGER; 8.644,46 ; 4.155,00 ; 12.799,46 ;;;;
06/12/2024;UNO MILLE; 0,00 ; 82,00 ; 82,00 ;;;;
06/12/2024;S10; 1.115,51 ; 684,48 ; 1.799,99 ;;;;
06/12/2024;PAJERO DAKAR; 1.109,00 ; 691,00 ; 1.800,00 ;;;;
09/12/2024;BMW 320I; 61,66 ; 361,00 ; 422,66 ;;;;
09/12/2024;DISCOVERY; 2.033,40 ; 806,61 ; 2.840,01 ;;;;
09/12/2024;BMW X1; 1.306,64 ; 693,36 ; 2.000,00 ;;;;
09/12/2024;HILUX; 1.515,06 ; 119,94 ; 1.635,00 ;;;;
10/12/2024;MERCEDES B200; 853,10 ; 2.120,00 ; 2.973,10 ;;;;
10/12/2024;PAJERO DAKAR; 444,34 ; 635,65 ; 1.079,99 ;;;;
10/12/2024;PRISMA; 489,13 ; 510,00 ; 999,13 ;;;;
10/12/2024;RENEGADE; 1.855,30 ; 1.710,00 ; 3.565,30 ;;;;
10/12/2024;RANGER; 0,00 ; 870,00 ; 870,00 ;;;;
10/12/2024;OPALA; 440,75 ; 840,00 ; 1.280,75 ;;;;
11/12/2024;SAVEIRO; 375,20 ; 1.190,00 ; 1.565,20 ;;;;
11/12/2024;RANGER; 1.471,90 ; 1.145,00 ; 2.616,90 ;;;;
11/12/2024;RENEGADE; 196,17 ; 113,83 ; 310,00 ;;;;
12/12/2024;TRACKER; 346,00 ; 0,00 ; 346,00 ;;;;
12/12/2024;HB20S; 861,20 ; 600,00 ; 1.461,20 ;;;;
12/12/2024;TORO; 27,00 ; 189,00 ; 216,00 ;;;;
12/12/2024;BMW 528I; 283,78 ; 3.216,22 ; 3.500,00 ;;;;
12/12/2024;FIESTA; 268,50 ; 740,00 ; 1.008,50 ;;;;
13/12/2024;JETTA; 12,90 ; 960,00 ; 972,90 ;;;;
13/12/2024;MERCEDES B200T; 299,30 ; 45,00 ; 344,30 ;;;;
16/12/2024;VITARA; 895,00 ; 200,00 ; 1.095,00 ;;;;
16/12/2024;HRV; 1.557,09 ; 820,00 ; 2.377,09 ;;;;
16/12/2024;SONATA; 1.075,05 ; 859,96 ; 1.935,01 ;;;;
16/12/2024;CORSA; 449,99 ; 0,00 ; 449,99 ;;;;
16/12/2024;L200 TRITON; 1.096,22 ; 853,79 ; 1.950,01 ;;;;
16/12/2024;FUSCA; 221,30 ; 290,00 ; 511,30 ;;;;
17/12/2024;PAJERO SPORT; 2.978,45 ; 1.721,54 ; 4.699,99 ;;;;
17/12/2024;PALIO WEEKEND; 194,74 ; 259,65 ; 454,39 ;;;;
17/12/2024;MERCEDES CLA; 4.323,82 ; 2.576,19 ; 6.900,01 ;;;;
18/12/2024;ONIX; 567,13 ; 504,86 ; 1.071,99 ;;;;
18/12/2024;ASTRA; 1.628,80 ; 1.410,00 ; 3.038,80 ;;;;
18/12/2024;GOL; 165,20 ; 100,00 ; 265,20 ;;;;
19/12/2024;S10; 1.379,20 ; 335,00 ; 1.714,20 ;;;;
19/12/2024;AUDI A5; 15,00 ; 400,00 ; 415,00 ;;;;
19/12/2024;GOL; 409,66 ; 240,35 ; 650,01 ;;;;
19/12/2024;AZERA; 1.086,45 ; 463,55 ; 1.550,00 ;;;;
19/12/2024;HILUX; 667,00 ; 350,00 ; 1.017,00 ;;;;
19/12/2024;RENEGADE; 480,00 ; 0,00 ; 480,00 ;;;;
19/12/2024;PAJERO TR4; 75,00 ; 240,00 ; 315,00 ;;;;
19/12/2024;COMPASS; 258,03 ; 241,97 ; 500,00 ;;;;
20/12/2024;COBALT; 748,00 ; 480,00 ; 1.228,00 ;;;;
20/12/2024;COROLLA; 767,80 ; 232,20 ; 1.000,00 ;;;;
23/12/2024;RENEGADE; 1.934,73 ; 1.516,06 ; 3.450,79 ;;;;
23/12/2024;S10; 470,00 ; 0,00 ; 470,00 ;;;;
23/12/2024;FOX; 291,80 ; 0,00 ; 291,80 ;;;;
23/12/2024;NEW FIESTA; 5.881,48 ; 2.352,88 ; 8.234,36 ;;;;
23/12/2024;F250; 78,65 ; 381,34 ; 459,99 ;;;;
26/12/2024;PALIO WEEKEND; 120,00 ; 180,00 ; 300,00 ;;;;
26/12/2024;POLO; 522,71 ; 427,29 ; 950,00 ;;;;
26/12/2024;S10; 1.042,55 ; 280,00 ; 1.322,55 ;;;;
26/12/2024;CORSA; 42,35 ; 197,65 ; 240,00 ;;;;
26/12/2024;RANGER; 1.619,50 ; 1.145,00 ; 2.764,50 ;;;;
26/12/2024;ONIX; 9,00 ; 30,00 ; 39,00 ;;;;
27/12/2024;GOLF; 1.361,10 ; 720,00 ; 2.081,10 ;;;;
27/12/2024;S10; 0,00 ; 180,00 ; 180,00 ;;;;
27/12/2024;COMPASS; 511,39 ; 0,00 ; 511,39 ;;;;
27/12/2024;LANCER; 63,00 ; 0,00 ; 63,00 ;;;;
30/12/2024;PAJERO DAKAR; 0,00 ; 280,00 ; 280,00 ;;;;
31/12/2024;ONIX; 511,90 ; 330,00 ; 841,90 ;;;;
31/12/2024;BMW X1; 0,00 ; 400,00 ; 400,00 ;;;;
31/12/2024;RENEGADE; 0,00 ; 80,00 ; 80,00 ;;;;
31/12/2024;AMAROK; 1.300,55 ; 1.245,00 ; 2.545,55 ;;;;
